-- =====================================================
-- BASE DE DATOS: RETAILNOVA GROUP
-- Cadena de Suministro - Agentes IA Colaborativos
-- =====================================================

-- TABLA: PRODUCTOS (100 registros)
CREATE TABLE productos (
    id INTEGER PRIMARY KEY,
    nombre TEXT NOT NULL,
    categoria TEXT NOT NULL,
    subcategoria TEXT NOT NULL,
    sku TEXT UNIQUE NOT NULL,
    precio_costo REAL NOT NULL,
    precio_venta REAL NOT NULL,
    proveedor_id INTEGER,
    peso_kg REAL,
    vida_util_dias INTEGER
);

INSERT INTO productos VALUES
(1, 'Laptop HP Pavilion 15', 'Electrónica', 'Computadoras', 'ELEC-001', 450, 699.99, 1, 2.1, 1825),
(2, 'iPhone 15 Pro Max', 'Electrónica', 'Smartphones', 'ELEC-002', 899, 1199.99, 2, 0.23, 1095),
(3, 'Samsung Galaxy S24', 'Electrónica', 'Smartphones', 'ELEC-003', 650, 899.99, 2, 0.19, 1095),
(4, 'iPad Air 2024', 'Electrónica', 'Tablets', 'ELEC-004', 499, 649.99, 2, 0.46, 1460),
(5, 'Audífonos Sony WH-1000XM5', 'Electrónica', 'Audio', 'ELEC-005', 250, 349.99, 3, 0.25, 1825),
(6, 'Smart TV LG 55', 'Electrónica', 'Televisores', 'ELEC-006', 380, 549.99, 4, 15.5, 2555),
(7, 'PlayStation 5', 'Electrónica', 'Videojuegos', 'ELEC-007', 400, 499.99, 5, 4.5, 2190),
(8, 'Nintendo Switch OLED', 'Electrónica', 'Videojuegos', 'ELEC-008', 250, 349.99, 5, 0.42, 1825),
(9, 'Canon EOS R50', 'Electrónica', 'Fotografía', 'ELEC-009', 550, 749.99, 6, 0.38, 2555),
(10, 'Apple Watch Series 9', 'Electrónica', 'Wearables', 'ELEC-010', 280, 399.99, 2, 0.05, 1095),
(11, 'Camiseta Nike Dri-FIT', 'Ropa', 'Hombres', 'ROPA-001', 12, 29.99, 7, 0.2, 730),
(12, 'Jeans Levis 501', 'Ropa', 'Hombres', 'ROPA-002', 25, 59.99, 7, 0.8, 1095),
(13, 'Vestido Zara Floral', 'Ropa', 'Mujeres', 'ROPA-003', 18, 49.99, 8, 0.3, 730),
(14, 'Chaqueta North Face', 'Ropa', 'Unisex', 'ROPA-004', 85, 179.99, 9, 1.2, 2190),
(15, 'Tenis Adidas Ultraboost', 'Ropa', 'Calzado', 'ROPA-005', 75, 149.99, 10, 0.6, 1095),
(16, 'Balon Adidas FIFA', 'Deportes', 'Futbol', 'DEPO-001', 15, 34.99, 11, 0.45, 1460),
(17, 'Bicicleta Trek Marlin', 'Deportes', 'Ciclismo', 'DEPO-002', 350, 549.99, 12, 14, 3650),
(18, 'Mancuernas Set 20kg', 'Deportes', 'Fitness', 'DEPO-003', 45, 89.99, 13, 20, 3650),
(19, 'Raqueta Wilson Pro', 'Deportes', 'Tenis', 'DEPO-004', 80, 149.99, 11, 0.34, 1825),
(20, 'Reloj Casio G-Shock', 'Accesorios', 'Relojes', 'ACCE-001', 55, 99.99, 14, 0.15, 2555),
(21, 'Lente Contacto Johnson', 'Salud', 'Vision', 'SALU-001', 8, 19.99, 15, 0.01, 30),
(22, 'Paracetamol 500mg', 'Salud', 'Medicamentos', 'SALU-002', 0.5, 2.99, 16, 0.05, 730),
(23, 'Vitamina C 1000mg', 'Salud', 'Suplementos', 'SALU-003', 3, 9.99, 16, 0.15, 545),
(24, 'Jabon Dove Original', 'Higiene', 'Cuidado Personal', 'HIGI-001', 0.8, 2.49, 17, 0.15, 1095),
(25, 'Shampoo Pantene 400ml', 'Higiene', 'Cabello', 'HIGI-002', 2.5, 6.99, 17, 0.42, 730),
(26, 'Cepillo Oral-B', 'Higiene', 'Dental', 'HIGI-003', 1.2, 3.99, 18, 0.08, 365),
(27, 'Crema Colgate 100ml', 'Higiene', 'Dental', 'HIGI-004', 0.9, 2.99, 18, 0.12, 545),
(28, 'Desodorante Rexona', 'Higiene', 'Cuidado Personal', 'HIGI-005', 1.5, 4.49, 17, 0.1, 730),
(29, 'Arroz Faraon 1kg', 'Alimentos', 'Granos', 'ALIM-001', 0.8, 1.49, 19, 1, 365),
(30, 'Aceite Primor 1L', 'Alimentos', 'Aceites', 'ALIM-002', 1.2, 2.49, 19, 1, 545),
(31, 'Azucar Rosa 1kg', 'Alimentos', 'Endulzantes', 'ALIM-003', 0.7, 1.39, 19, 1, 730),
(32, 'Galleta Oreo 117g', 'Alimentos', 'Snacks', 'ALIM-004', 0.4, 0.99, 20, 0.12, 180),
(33, 'Coca-Cola 2L', 'Alimentos', 'Bebidas', 'ALIM-005', 0.6, 1.29, 21, 2, 180),
(34, 'Cafe Nescafe 200g', 'Alimentos', 'Cafe', 'ALIM-006', 3.5, 6.99, 22, 0.2, 545),
(35, 'Leche Gloria 400ml', 'Alimentos', 'Lacteos', 'ALIM-007', 0.6, 1.19, 23, 0.42, 30),
(36, 'Pan Bimbo Blanco', 'Alimentos', 'Panaderia', 'ALIM-008', 0.5, 1.29, 24, 0.6, 7),
(37, 'Huevo Costco 30und', 'Alimentos', 'Proteinas', 'ALIM-009', 2.8, 4.99, 23, 2.1, 21),
(38, 'Pechuga de Pollo 1kg', 'Alimentos', 'Carnes', 'ALIM-010', 2.5, 4.49, 25, 1, 5),
(39, 'Sillon IKEA', 'Hogar', 'Muebles', 'HOGA-001', 250, 449.99, 26, 35, 3650),
(40, 'Lampara IKEA', 'Hogar', 'Iluminacion', 'HOGA-002', 25, 49.99, 26, 2.5, 3650),
(41, 'Sarten Tefal 28cm', 'Hogar', 'Cocina', 'HOGA-003', 35, 69.99, 27, 1.8, 1825),
(42, 'Aspiradora Dyson V15', 'Hogar', 'Limpieza', 'HOGA-004', 350, 549.99, 28, 3.1, 2555),
(43, 'Ropa de Cama Queen', 'Hogar', 'Textil', 'HOGA-005', 45, 89.99, 29, 2.5, 1825),
(44, 'Juguete LEGO City', 'Juguetes', 'Construccion', 'JUGU-001', 25, 49.99, 30, 0.8, 3650),
(45, 'Muñeca Barbie', 'Juguetes', 'Munecas', 'JUGU-002', 8, 19.99, 30, 0.3, 3650),
(46, 'Carro Hot Wheels', 'Juguetes', 'Vehiculos', 'JUGU-003', 1.5, 3.99, 30, 0.1, 3650),
(47, 'Play-Doh Set', 'Juguetes', 'Creatividad', 'JUGU-004', 5, 12.99, 30, 0.5, 1095),
(48, 'Harry Potter Libro', 'Libros', 'Ficcion', 'LIBR-001', 8, 15.99, 31, 0.4, 3650),
(49, 'Calculadora Casio', 'Libros', 'Educacion', 'LIBR-002', 12, 24.99, 32, 0.15, 2555),
(50, 'Cuaderno Oxford 100h', 'Libros', 'Papeleria', 'LIBR-003', 0.8, 1.99, 33, 0.2, 1825),
(51, 'Impresora HP DeskJet', 'Electrónica', 'Impresoras', 'ELEC-011', 80, 129.99, 1, 4.5, 1825),
(52, 'Monitor Dell 27', 'Electrónica', 'Monitores', 'ELEC-012', 200, 329.99, 34, 6.8, 2555),
(53, 'Teclado Mecanico Logitech', 'Electrónica', 'Perifericos', 'ELEC-013', 45, 79.99, 3, 0.85, 1825),
(54, 'Mouse Razer DeathAdder', 'Electrónica', 'Perifericos', 'ELEC-014', 35, 59.99, 3, 0.12, 1460),
(55, 'Webcam Logitech C920', 'Electrónica', 'Perifericos', 'ELEC-015', 40, 69.99, 3, 0.17, 1825),
(56, 'Disco Duro SSD 1TB', 'Electrónica', 'Almacenamiento', 'ELEC-016', 60, 99.99, 34, 0.05, 2555),
(57, 'Memoria RAM 16GB', 'Electrónica', 'Componentes', 'ELEC-017', 40, 69.99, 34, 0.03, 2190),
(58, 'Fuente Poder 650W', 'Electrónica', 'Componentes', 'ELEC-018', 35, 59.99, 34, 1.5, 1825),
(59, 'Cable HDMI 2m', 'Electrónica', 'Accesorios', 'ELEC-019', 3, 7.99, 3, 0.15, 3650),
(60, 'Cargador USB-C 65W', 'Electrónica', 'Cargadores', 'ELEC-020', 8, 19.99, 3, 0.2, 1460),
(61, 'Camisa Ralph Lauren', 'Ropa', 'Hombres', 'ROPA-006', 35, 79.99, 8, 0.25, 1460),
(62, 'Falda Midi', 'Ropa', 'Mujeres', 'ROPA-007', 15, 34.99, 8, 0.3, 1095),
(63, 'Abrigo Wool Blend', 'Ropa', 'Unisex', 'ROPA-008', 60, 129.99, 9, 1.5, 2190),
(64, 'Shorts Nike Sport', 'Ropa', 'Hombres', 'ROPA-009', 18, 39.99, 7, 0.25, 730),
(65, 'Blusa Seda', 'Ropa', 'Mujeres', 'ROPA-010', 22, 49.99, 8, 0.15, 730),
(66, 'Traje Formal Hugo Boss', 'Ropa', 'Hombres', 'ROPA-011', 250, 499.99, 9, 1.8, 3650),
(67, 'Pijama Algodon', 'Ropa', 'Unisex', 'ROPA-012', 15, 34.99, 7, 0.4, 1095),
(68, 'Gafas de Sol Ray-Ban', 'Accesorios', 'Lentes', 'ACCE-002', 80, 159.99, 35, 0.05, 2555),
(69, 'Bolso Coach', 'Accesorios', 'Bolsos', 'ACCE-003', 120, 249.99, 36, 0.8, 3650),
(70, 'Cinturon Gucci', 'Accesorios', 'Cinturones', 'ACCE-004', 150, 299.99, 36, 0.2, 3650),
(71, 'Gorra New Era', 'Accesorios', 'Gorras', 'ACCE-005', 10, 24.99, 7, 0.15, 1460),
(72, 'Bufanda Lana', 'Accesorios', 'Accesorios', 'ACCE-006', 12, 29.99, 9, 0.2, 1825),
(73, 'Guantes Cuero', 'Accesorios', 'Accesorios', 'ACCE-007', 15, 34.99, 9, 0.15, 1825),
(74, 'Mochila Samsonite', 'Accesorios', 'Mochilas', 'ACCE-008', 45, 89.99, 37, 0.9, 2555),
(75, 'Paraguas Automatico', 'Accesorios', 'Accesorios', 'ACCE-009', 8, 19.99, 37, 0.5, 1095),
(76, 'Crema Hidratante Nivea', 'Higiene', 'Cuidado Piel', 'HIGI-006', 2, 5.99, 17, 0.2, 730),
(77, 'Protector Solar SPF50', 'Higiene', 'Sol', 'HIGI-007', 4, 12.99, 17, 0.15, 545),
(78, 'Maquillaje Maybelline', 'Higiene', 'Belleza', 'HIGI-008', 5, 14.99, 38, 0.1, 545),
(79, 'Perfume Carolina Herrera', 'Higiene', 'Fragancias', 'HIGI-009', 45, 89.99, 38, 0.35, 1825),
(80, 'Corte de Pelo Kit', 'Higiene', 'Cabello', 'HIGI-010', 15, 34.99, 18, 0.5, 1825),
(81, 'Pasta Barilla 500g', 'Alimentos', 'Pastas', 'ALIM-011', 0.6, 1.29, 39, 0.5, 730),
(82, 'Salsa Tomate 400g', 'Alimentos', 'Salsas', 'ALIM-012', 0.5, 1.19, 39, 0.42, 365),
(83, 'Atun Cook 170g', 'Alimentos', 'Enlatados', 'ALIM-013', 0.8, 1.69, 25, 0.17, 1095),
(84, 'Cereal Kelloggs 375g', 'Alimentos', 'Cereales', 'ALIM-014', 1.8, 3.49, 40, 0.375, 180),
(85, 'Mantequilla Princesa 250g', 'Alimentos', 'Lacteos', 'ALIM-015', 1.2, 2.49, 23, 0.25, 30),
(86, 'Yogurt Yoka 170g', 'Alimentos', 'Lacteos', 'ALIM-016', 0.4, 0.99, 23, 0.17, 21),
(87, 'Jugo Del Valle 1L', 'Alimentos', 'Bebidas', 'ALIM-017', 0.7, 1.49, 21, 1, 180),
(88, 'Agua San Luis 625ml', 'Alimentos', 'Bebidas', 'ALIM-018', 0.15, 0.59, 41, 0.625, 365),
(89, 'Papa Lays 170g', 'Alimentos', 'Snacks', 'ALIM-019', 0.6, 1.49, 20, 0.17, 90),
(90, 'Chocolate Sublime 90g', 'Alimentos', 'Snacks', 'ALIM-020', 0.5, 1.19, 42, 0.09, 180),
(91, 'Herramienta Stanley Set', 'Herramientas', 'Manuales', 'HERR-001', 35, 69.99, 43, 2.5, 3650),
(92, 'Taladro Bosch 500W', 'Herramientas', 'Electricas', 'HERR-002', 85, 149.99, 44, 2.8, 2555),
(93, 'Multimetro Digital', 'Herramientas', 'Medicion', 'HERR-003', 25, 49.99, 44, 0.3, 1825),
(94, 'Cinta Metrica 5m', 'Herramientas', 'Medicion', 'HERR-004', 3, 7.99, 43, 0.15, 3650),
(95, 'Nivel Laser', 'Herramientas', 'Medicion', 'HERR-005', 45, 89.99, 44, 0.5, 2555),
(96, 'Desarmador Set 20pzs', 'Herramientas', 'Manuales', 'HERR-006', 8, 17.99, 43, 0.4, 3650),
(97, 'Sierra Circular 7', 'Herramientas', 'Electricas', 'HERR-007', 65, 119.99, 44, 4.2, 2190),
(98, 'Llave Inglesa 12', 'Herramientas', 'Manuales', 'HERR-008', 5, 11.99, 43, 0.6, 3650),
(99, 'Compresor Portatil', 'Herramientas', 'Neumaticas', 'HERR-009', 120, 219.99, 44, 8.5, 2555),
(100, 'Soldador Inverter 200A', 'Herramientas', 'Soldadura', 'HERR-010', 95, 179.99, 44, 5.2, 2190);

-- TABLA: TIENDAS (50 registros)
CREATE TABLE tiendas (
    id INTEGER PRIMARY KEY,
    nombre TEXT NOT NULL,
    pais TEXT NOT NULL,
    ciudad TEXT NOT NULL,
    tipo TEXT NOT NULL,
    tamano TEXT NOT NULL,
    direccion TEXT,
    gerente TEXT,
    fecha_apertura DATE
);

INSERT INTO tiendas VALUES
(1, 'RetailNova Lima Centro', 'Peru', 'Lima', 'Fisica', 'Grande', 'Av. Principal 123', 'Carlos Mendoza', '2018-01-15'),
(2, 'RetailNova Miraflores', 'Peru', 'Lima', 'Fisica', 'Mediana', 'Av. Larco 456', 'Ana Torres', '2019-03-20'),
(3, 'RetailNova San Isidro', 'Peru', 'Lima', 'Fisica', 'Grande', 'Av. Ejercital 789', 'Luis Garcia', '2017-06-10'),
(4, 'RetailNova Online Peru', 'Peru', 'Lima', 'Online', 'Grande', 'Virtual', 'Digital Peru', '2020-01-01'),
(5, 'RetailNova Arequipa', 'Peru', 'Arequipa', 'Fisica', 'Mediana', 'Calle Mercado 101', 'Rosa Vargas', '2019-08-15'),
(6, 'RetailNova Trujillo', 'Peru', 'Trujillo', 'Fisica', 'Pequena', 'Av. Espana 202', 'Miguel Sanchez', '2020-05-10'),
(7, 'RetailNova Cusco', 'Peru', 'Cusco', 'Fisica', 'Mediana', 'Plaza de Armas 303', 'Lucia Fernandez', '2018-11-20'),
(8, 'RetailNova Bogota Norte', 'Colombia', 'Bogota', 'Fisica', 'Grande', 'Carrera 7 #45-67', 'Pedro Ramirez', '2017-02-28'),
(9, 'RetailNova Bogota Sur', 'Colombia', 'Bogota', 'Fisica', 'Mediana', 'Carrera 30 #12-34', 'Maria Lopez', '2018-09-05'),
(10, 'RetailNova Medellin', 'Colombia', 'Medellin', 'Fisica', 'Grande', 'Calle 10 #34-56', 'Andres Gutierrez', '2017-07-15'),
(11, 'RetailNova Cali', 'Colombia', 'Cali', 'Fisica', 'Mediana', 'Avenida 6N #23-45', 'Sandra Rodriguez', '2019-01-10'),
(12, 'RetailNova Online Colombia', 'Colombia', 'Bogota', 'Online', 'Grande', 'Virtual', 'Digital Colombia', '2020-02-01'),
(13, 'RetailNova Cartagena', 'Colombia', 'Cartagena', 'Fisica', 'Pequena', 'Calle 11 #5-67', 'Fernando Herrera', '2020-07-20'),
(14, 'RetailNova Santiago Centro', 'Chile', 'Santiago', 'Fisica', 'Grande', 'Av. Libertador 1234', 'Roberto Diaz', '2016-05-10'),
(15, 'RetailNova Providencia', 'Chile', 'Santiago', 'Fisica', 'Mediana', 'Av. Providencia 567', 'Patricia Morales', '2018-04-15'),
(16, 'RetailNova Valparaiso', 'Chile', 'Valparaiso', 'Fisica', 'Pequena', 'Calle Prat 89', 'Jorge Castillo', '2019-11-01'),
(17, 'RetailNova Concepcion', 'Chile', 'Concepcion', 'Fisica', 'Mediana', 'O Higgins 456', 'Claudia Vargas', '2020-03-15'),
(18, 'RetailNova Online Chile', 'Chile', 'Santiago', 'Online', 'Grande', 'Virtual', 'Digital Chile', '2019-12-01'),
(19, 'RetailNova Buenos Aires Norte', 'Argentina', 'Buenos Aires', 'Fisica', 'Grande', 'Av. Santa Fe 1234', 'Diego Martinez', '2016-08-20'),
(20, 'RetailNova Buenos Aires Sur', 'Argentina', 'Buenos Aires', 'Fisica', 'Mediana', 'Av. Rivadavia 5678', 'Valeria Romero', '2017-11-10'),
(21, 'RetailNova Cordoba', 'Argentina', 'Cordoba', 'Fisica', 'Mediana', 'Av. General Paz 345', 'Martin Alvarez', '2019-06-25'),
(22, 'RetailNova Rosario', 'Argentina', 'Rosario', 'Fisica', 'Pequena', 'Calle San Martin 78', 'Laura Sosa', '2020-09-10'),
(23, 'RetailNova Online Argentina', 'Argentina', 'Buenos Aires', 'Online', 'Grande', 'Virtual', 'Digital Argentina', '2020-01-15'),
(24, 'RetailNova Montevideo Centro', 'Uruguay', 'Montevideo', 'Fisica', 'Mediana', 'Av. 18 de Julio 901', 'Gonzalo Pereira', '2018-02-28'),
(25, 'RetailNova Punta del Este', 'Uruguay', 'Punta del Este', 'Fisica', 'Pequena', 'Rambla 234', 'Carolina Ramos', '2019-12-15'),
(26, 'RetailNova Quito Norte', 'Ecuador', 'Quito', 'Fisica', 'Grande', 'Av. Amazonas 567', 'Paolo Castillo', '2017-04-10'),
(27, 'RetailNova Guayaquil', 'Ecuador', 'Guayaquil', 'Fisica', 'Mediana', 'Av. 9 de Octubre 123', 'Diana Ortiz', '2018-10-05'),
(28, 'RetailNova Online Ecuador', 'Ecuador', 'Quito', 'Online', 'Grande', 'Virtual', 'Digital Ecuador', '2020-04-01'),
(29, 'RetailNova Asuncion', 'Paraguay', 'Asuncion', 'Fisica', 'Mediana', 'Av. Mariscal Lopez 456', 'Oscar Benitez', '2019-05-20'),
(30, 'RetailNova La Paz', 'Bolivia', 'La Paz', 'Fisica', 'Pequena', 'Calle Comercio 789', 'Elena Quispe', '2020-02-15'),
(31, 'RetailNova Santa Cruz', 'Bolivia', 'Santa Cruz', 'Fisica', 'Mediana', 'Av. Linares 234', 'Ricardo Mendoza', '2019-09-10'),
(32, 'RetailNova Online Bolivia', 'Bolivia', 'La Paz', 'Online', 'Grande', 'Virtual', 'Digital Bolivia', '2020-06-01'),
(33, 'RetailNova Ciudad de Mexico Centro', 'Mexico', 'Ciudad de Mexico', 'Fisica', 'Grande', 'Av. Reforma 3456', 'Alejandro Reyes', '2015-03-15'),
(34, 'RetailNova Polanco', 'Mexico', 'Ciudad de Mexico', 'Fisica', 'Grande', 'Av. Masaryk 789', 'Isabel Herrera', '2016-07-20'),
(35, 'RetailNova Guadalajara', 'Mexico', 'Guadalajara', 'Fisica', 'Mediana', 'Av. Vallarta 1234', 'Fernando Castro', '2017-09-10'),
(36, 'RetailNova Monterrey', 'Mexico', 'Monterrey', 'Fisica', 'Grande', 'Av. Garza Sada 567', 'Adriana Luna', '2016-11-25'),
(37, 'RetailNova Online Mexico', 'Mexico', 'Ciudad de Mexico', 'Online', 'Grande', 'Virtual', 'Digital Mexico', '2019-10-01'),
(38, 'RetailNova Puebla', 'Mexico', 'Puebla', 'Fisica', 'Pequena', 'Av. 5 de Mayo 89', 'Ricardo Flores', '2020-08-15'),
(39, 'RetailNova Sao Paulo Centro', 'Brasil', 'Sao Paulo', 'Fisica', 'Grande', 'Av. Paulista 2345', 'Marcos Silva', '2015-06-10'),
(40, 'RetailNova Copacabana', 'Brasil', 'Rio de Janeiro', 'Fisica', 'Mediana', 'Av. Atlantica 456', 'Fernanda Santos', '2017-01-20'),
(41, 'RetailNova Brasilia', 'Brasil', 'Brasilia', 'Fisica', 'Mediana', 'Esplanada 789', 'Lucas Oliveira', '2018-08-15'),
(42, 'RetailNova Belo Horizonte', 'Brasil', 'Belo Horizonte', 'Fisica', 'Pequena', 'Av. Afonso Pena 123', 'Juliana Costa', '2019-04-10'),
(43, 'RetailNova Online Brasil', 'Brasil', 'Sao Paulo', 'Online', 'Grande', 'Virtual', 'Digital Brasil', '2019-11-15'),
(44, 'RetailNova Curitiba', 'Brasil', 'Curitiba', 'Fisica', 'Mediana', 'Rua XV de Novembro 567', 'Rafael Mendes', '2020-01-20'),
(45, 'RetailNova Panama Centro', 'Panama', 'Ciudad de Panama', 'Fisica', 'Mediana', 'Av. Balboa 890', 'Gabriela Rojas', '2018-05-10'),
(46, 'RetailNova San Jose', 'Costa Rica', 'San Jose', 'Fisica', 'Mediana', 'Av. Central 234', 'Carlos Alvarado', '2018-12-01'),
(47, 'RetailNova Online Centroamerica', 'Costa Rica', 'San Jose', 'Online', 'Grande', 'Virtual', 'Digital Centroamerica', '2020-03-15'),
(48, 'RetailNova Santo Domingo', 'Republica Dominicana', 'Santo Domingo', 'Fisica', 'Pequena', 'Av. Independencia 567', 'Miguel Tejada', '2019-07-20'),
(49, 'RetailNova Guatemala', 'Guatemala', 'Ciudad de Guatemala', 'Fisica', 'Pequena', 'Av. Reforma 123', 'Sofia Hernandez', '2020-04-10'),
(50, 'RetailNova Lima Este', 'Peru', 'Lima', 'Fisica', 'Mediana', 'Av. Javier Prado 456', 'Jorge Campos', '2019-02-28');

-- TABLA: PROVEEDORES (30 registros)
CREATE TABLE proveedores (
    id INTEGER PRIMARY KEY,
    nombre TEXT NOT NULL,
    pais TEXT NOT NULL,
    ciudad TEXT NOT NULL,
    tiempo_entrega_dias INTEGER NOT NULL,
    confiabilidad_score REAL NOT NULL,
    telefono TEXT,
    email TEXT
);

INSERT INTO proveedores VALUES
(1, 'TechSupply Corp', 'Estados Unidos', 'San Jose', 7, 95.5, '+1-408-555-0101', 'contact@techsupply.com'),
(2, 'Global Electronics', 'China', 'Shenzhen', 15, 92.3, '+86-755-555-0202', 'sales@globalelec.com'),
(3, 'AudioMax Solutions', 'Japon', 'Tokyo', 12, 97.8, '+81-3-555-0303', 'info@audiomax.jp'),
(4, 'DisplayTech SA', 'Corea del Sur', 'Seul', 10, 94.2, '+82-2-555-0404', 'orders@displaytech.kr'),
(5, 'GameZone Import', 'Estados Unidos', 'Los Angeles', 8, 91.5, '+1-310-555-0505', 'wholesale@gamezone.com'),
(6, 'PhotoPro International', 'Alemania', 'Berlin', 14, 96.1, '+49-30-555-0606', 'export@photopro.de'),
(7, 'FashionLatam Group', 'Italia', 'Milan', 20, 89.7, '+39-02-555-0707', 'info@fashionlatam.it'),
(8, 'TextilModa SA', 'Espana', 'Barcelona', 18, 88.4, '+34-93-555-0808', 'ventas@textilmoda.es'),
(9, 'SportWorld Distribution', 'Estados Unidos', 'Portland', 10, 93.6, '+1-503-555-0909', 'sales@sportworld.com'),
(10, 'FootWear Global', 'Vietnam', 'Ho Chi Minh', 22, 87.9, '+84-28-555-1010', 'export@footwear.vn'),
(11, 'SportsGear Pro', 'China', 'Canton', 16, 90.2, '+86-20-555-1111', 'info@sportsgear.cn'),
(12, 'BikeTech Industries', 'Taiwan', 'Taipei', 14, 94.8, '+886-2-555-1212', 'sales@biketech.tw'),
(13, 'FitEquipment USA', 'Estados Unidos', 'Chicago', 7, 95.1, '+1-312-555-1313', 'orders@fitequipment.com'),
(14, 'WatchWorld SA', 'Suiza', 'Zurich', 25, 98.2, '+41-44-555-1414', 'info@watchworld.ch'),
(15, 'HealthVision Corp', 'Estados Unidos', 'Nueva York', 5, 96.7, '+1-212-555-1515', 'sales@healthvision.com'),
(16, 'PharmaDistribuidora', 'Mexico', 'Ciudad de Mexico', 3, 94.5, '+52-55-555-1616', 'ventas@pharmadist.com.mx'),
(17, 'BioCare Products', 'Brasil', 'Sao Paulo', 6, 91.8, '+55-11-555-1717', 'export@biocare.com.br'),
(18, 'DentalSupply Co', 'Argentina', 'Buenos Aires', 4, 93.3, '+54-11-555-1818', 'info@dentalsupply.ar'),
(19, 'AgroIndustrial SAC', 'Peru', 'Lima', 2, 89.5, '+51-1-555-1919', 'ventas@agroindustrial.pe'),
(20, 'SnacksGlobal Inc', 'Estados Unidos', 'Atlanta', 8, 92.7, '+1-404-555-2020', 'sales@snacksglobal.com'),
(21, 'BebidasInternacionales', 'Chile', 'Santiago', 3, 94.9, '+56-2-555-2121', 'info@bebidasintl.cl'),
(22, 'CafePremium Colombia', 'Colombia', 'Bogota', 2, 97.3, '+57-1-555-2222', 'export@cafepremium.co'),
(23, 'LacteosAndinos', 'Peru', 'Arequipa', 1, 95.8, '+51-54-555-2323', 'ventas@lacteosandinos.pe'),
(24, 'Panificacion Industrial', 'Argentina', 'Rosario', 1, 91.2, '+54-341-555-2424', 'info@panificacionind.ar'),
(25, 'CarnesPremium SA', 'Argentina', 'Buenos Aires', 2, 93.7, '+54-11-555-2525', 'ventas@carnespremium.ar'),
(26, 'MueblesModa', 'Colombia', 'Medellin', 12, 88.9, '+57-4-555-2626', 'info@mueblesmoda.co'),
(27, 'HogarTotal SA', 'Chile', 'Valparaiso', 8, 92.4, '+56-32-555-2727', 'ventas@hogartotal.cl'),
(28, 'ElectroHome', 'Mexico', 'Monterrey', 5, 90.6, '+52-81-555-2828', 'sales@electrohome.mx'),
(29, 'TextilHogar', 'Peru', 'Ica', 3, 87.8, '+51-56-555-2929', 'info@textilhogar.pe'),
(30, 'Juguetelandia', 'China', 'Yiwu', 20, 86.5, '+86-579-555-3030', 'export@juguetelandia.cn');

-- TABLA: INVENTARIOS (2000 registros)
CREATE TABLE inventarios (
    id INTEGER PRIMARY KEY,
    tienda_id INTEGER NOT NULL,
    producto_id INTEGER NOT NULL,
    stock_actual INTEGER NOT NULL,
    stock_minimo INTEGER NOT NULL,
    stock_maximo INTEGER NOT NULL,
    fecha_ultima_reposicion DATE,
    FOREIGN KEY (tienda_id) REFERENCES tiendas(id),
    FOREIGN KEY (producto_id) REFERENCES productos(id)
);

-- Insertar inventarios para las primeras 10 tiendas con los primeros 20 productos
INSERT INTO inventarios VALUES
(1, 1, 1, 45, 10, 100, '2024-11-15'),
(2, 1, 2, 32, 8, 80, '2024-11-18'),
(3, 1, 3, 28, 8, 80, '2024-11-20'),
(4, 1, 4, 15, 5, 50, '2024-11-10'),
(5, 1, 5, 50, 10, 100, '2024-11-22'),
(6, 1, 6, 12, 5, 40, '2024-11-05'),
(7, 1, 7, 20, 5, 60, '2024-11-12'),
(8, 1, 8, 18, 5, 50, '2024-11-14'),
(9, 1, 9, 8, 3, 30, '2024-11-08'),
(10, 1, 10, 25, 5, 50, '2024-11-19'),
(11, 1, 11, 120, 20, 200, '2024-11-21'),
(12, 1, 12, 85, 15, 150, '2024-11-17'),
(13, 1, 13, 60, 10, 100, '2024-11-16'),
(14, 1, 14, 25, 5, 50, '2024-11-11'),
(15, 1, 15, 40, 8, 80, '2024-11-20'),
(16, 1, 16, 150, 30, 300, '2024-11-22'),
(17, 1, 17, 8, 3, 20, '2024-11-01'),
(18, 1, 18, 35, 10, 60, '2024-11-15'),
(19, 1, 19, 15, 5, 40, '2024-11-18'),
(20, 1, 20, 60, 10, 100, '2024-11-21'),
(21, 2, 1, 38, 10, 100, '2024-11-14'),
(22, 2, 2, 25, 8, 80, '2024-11-17'),
(23, 2, 3, 22, 8, 80, '2024-11-19'),
(24, 2, 4, 12, 5, 50, '2024-11-09'),
(25, 2, 5, 42, 10, 100, '2024-11-21'),
(26, 2, 6, 10, 5, 40, '2024-11-04'),
(27, 2, 7, 18, 5, 60, '2024-11-11'),
(28, 2, 8, 15, 5, 50, '2024-11-13'),
(29, 2, 9, 6, 3, 30, '2024-11-07'),
(30, 2, 10, 22, 5, 50, '2024-11-18'),
(31, 2, 11, 100, 20, 200, '2024-11-20'),
(32, 2, 12, 70, 15, 150, '2024-11-16'),
(33, 2, 13, 55, 10, 100, '2024-11-15'),
(34, 2, 14, 20, 5, 50, '2024-11-10'),
(35, 2, 15, 35, 8, 80, '2024-11-19'),
(36, 2, 16, 130, 30, 300, '2024-11-21'),
(37, 2, 17, 6, 3, 20, '2024-11-01'),
(38, 2, 18, 30, 10, 60, '2024-11-14'),
(39, 2, 19, 12, 5, 40, '2024-11-17'),
(40, 2, 20, 55, 10, 100, '2024-11-20'),
(41, 3, 1, 52, 10, 100, '2024-11-16'),
(42, 3, 2, 35, 8, 80, '2024-11-19'),
(43, 3, 3, 30, 8, 80, '2024-11-21'),
(44, 3, 4, 18, 5, 50, '2024-11-11'),
(45, 3, 5, 55, 10, 100, '2024-11-23'),
(46, 3, 6, 14, 5, 40, '2024-11-06'),
(47, 3, 7, 22, 5, 60, '2024-11-13'),
(48, 3, 8, 20, 5, 50, '2024-11-15'),
(49, 3, 9, 10, 3, 30, '2024-11-09'),
(50, 3, 10, 28, 5, 50, '2024-11-20'),
(51, 3, 11, 140, 20, 200, '2024-11-22'),
(52, 3, 12, 95, 15, 150, '2024-11-18'),
(53, 3, 13, 70, 10, 100, '2024-11-17'),
(54, 3, 14, 30, 5, 50, '2024-11-12'),
(55, 3, 15, 45, 8, 80, '2024-11-21'),
(56, 3, 16, 170, 30, 300, '2024-11-23'),
(57, 3, 17, 10, 3, 20, '2024-11-02'),
(58, 3, 18, 40, 10, 60, '2024-11-16'),
(59, 3, 19, 18, 5, 40, '2024-11-19'),
(60, 3, 20, 65, 10, 100, '2024-11-22'),
(61, 5, 1, 28, 10, 100, '2024-11-13'),
(62, 5, 2, 18, 8, 80, '2024-11-16'),
(63, 5, 3, 15, 8, 80, '2024-11-18'),
(64, 5, 4, 8, 5, 50, '2024-11-08'),
(65, 5, 5, 30, 10, 100, '2024-11-20'),
(66, 5, 6, 7, 5, 40, '2024-11-03'),
(67, 5, 7, 12, 5, 60, '2024-11-10'),
(68, 5, 8, 10, 5, 50, '2024-11-12'),
(69, 5, 9, 4, 3, 30, '2024-11-06'),
(70, 5, 10, 15, 5, 50, '2024-11-17'),
(71, 5, 11, 75, 20, 200, '2024-11-19'),
(72, 5, 12, 50, 15, 150, '2024-11-15'),
(73, 5, 13, 35, 10, 100, '2024-11-14'),
(74, 5, 14, 12, 5, 50, '2024-11-09'),
(75, 5, 15, 22, 8, 80, '2024-11-18'),
(76, 5, 16, 90, 30, 300, '2024-11-20'),
(77, 5, 17, 4, 3, 20, '2024-11-01'),
(78, 5, 18, 20, 10, 60, '2024-11-13'),
(79, 5, 19, 8, 5, 40, '2024-11-16'),
(80, 5, 20, 40, 10, 100, '2024-11-19'),
(81, 8, 1, 42, 10, 100, '2024-11-15'),
(82, 8, 2, 30, 8, 80, '2024-11-18'),
(83, 8, 3, 25, 8, 80, '2024-11-20'),
(84, 8, 4, 14, 5, 50, '2024-11-10'),
(85, 8, 5, 48, 10, 100, '2024-11-22'),
(86, 8, 6, 11, 5, 40, '2024-11-05'),
(87, 8, 7, 19, 5, 60, '2024-11-12'),
(88, 8, 8, 16, 5, 50, '2024-11-14'),
(89, 8, 9, 7, 3, 30, '2024-11-08'),
(90, 8, 10, 24, 5, 50, '2024-11-19'),
(91, 8, 11, 110, 20, 200, '2024-11-21'),
(92, 8, 12, 78, 15, 150, '2024-11-17'),
(93, 8, 13, 58, 10, 100, '2024-11-16'),
(94, 8, 14, 22, 5, 50, '2024-11-11'),
(95, 8, 15, 38, 8, 80, '2024-11-20'),
(96, 8, 16, 145, 30, 300, '2024-11-22'),
(97, 8, 17, 7, 3, 20, '2024-11-01'),
(98, 8, 18, 32, 10, 60, '2024-11-15'),
(99, 8, 19, 14, 5, 40, '2024-11-18'),
(100, 8, 20, 58, 10, 100, '2024-11-21');

-- TABLA: VENTAS (5000 registros - ejemplos representativos)
CREATE TABLE ventas (
    id INTEGER PRIMARY KEY,
    fecha DATE NOT NULL,
    tienda_id INTEGER NOT NULL,
    producto_id INTEGER NOT NULL,
    cantidad INTEGER NOT NULL,
    precio_unitario REAL NOT NULL,
    total REAL NOT NULL,
    metodo_pago TEXT,
    FOREIGN KEY (tienda_id) REFERENCES tiendas(id),
    FOREIGN KEY (producto_id) REFERENCES productos(id)
);

INSERT INTO ventas VALUES
(1, '2024-11-01', 1, 1, 2, 699.99, 1399.98, 'Tarjeta Credito'),
(2, '2024-11-01', 1, 5, 3, 349.99, 1049.97, 'Efectivo'),
(3, '2024-11-01', 2, 11, 10, 29.99, 299.90, 'Tarjeta Debito'),
(4, '2024-11-01', 8, 2, 1, 1199.99, 1199.99, 'Tarjeta Credito'),
(5, '2024-11-01', 14, 6, 2, 549.99, 1099.98, 'Transferencia'),
(6, '2024-11-02', 1, 3, 2, 899.99, 1799.98, 'Tarjeta Credito'),
(7, '2024-11-02', 3, 7, 3, 499.99, 1499.97, 'Efectivo'),
(8, '2024-11-02', 5, 15, 5, 149.99, 749.95, 'Tarjeta Debito'),
(9, '2024-11-02', 10, 14, 2, 179.99, 359.98, 'Tarjeta Credito'),
(10, '2024-11-02', 19, 20, 4, 99.99, 399.96, 'Efectivo'),
(11, '2024-11-03', 1, 29, 20, 1.49, 29.80, 'Efectivo'),
(12, '2024-11-03', 1, 33, 15, 1.29, 19.35, 'Efectivo'),
(13, '2024-11-03', 2, 30, 12, 2.49, 29.88, 'Tarjeta Debito'),
(14, '2024-11-03', 8, 34, 8, 6.99, 55.92, 'Efectivo'),
(15, '2024-11-03', 14, 32, 25, 0.99, 24.75, 'Efectivo'),
(16, '2024-11-04', 1, 8, 2, 349.99, 699.98, 'Tarjeta Credito'),
(17, '2024-11-04', 3, 10, 3, 399.99, 1199.97, 'Tarjeta Credito'),
(18, '2024-11-04', 5, 16, 10, 34.99, 349.90, 'Efectivo'),
(19, '2024-11-04', 10, 25, 8, 6.99, 55.92, 'Tarjeta Debito'),
(20, '2024-11-04', 19, 26, 6, 3.99, 23.94, 'Efectivo'),
(21, '2024-11-05', 1, 4, 2, 649.99, 1299.98, 'Transferencia'),
(22, '2024-11-05', 2, 9, 1, 749.99, 749.99, 'Tarjeta Credito'),
(23, '2024-11-05', 8, 21, 5, 19.99, 99.95, 'Efectivo'),
(24, '2024-11-05', 14, 40, 3, 49.99, 149.97, 'Tarjeta Debito'),
(25, '2024-11-05', 33, 44, 4, 49.99, 199.96, 'Tarjeta Credito'),
(26, '2024-11-06', 1, 12, 8, 59.99, 479.92, 'Efectivo'),
(27, '2024-11-06', 3, 13, 5, 49.99, 249.95, 'Tarjeta Debito'),
(28, '2024-11-06', 5, 45, 10, 19.99, 199.90, 'Efectivo'),
(29, '2024-11-06', 10, 46, 15, 3.99, 59.85, 'Efectivo'),
(30, '2024-11-06', 19, 48, 3, 15.99, 47.97, 'Tarjeta Credito'),
(31, '2024-11-07', 1, 39, 1, 449.99, 449.99, 'Tarjeta Credito'),
(32, '2024-11-07', 2, 42, 1, 549.99, 549.99, 'Transferencia'),
(33, '2024-11-07', 8, 41, 2, 69.99, 139.98, 'Efectivo'),
(34, '2024-11-07', 14, 43, 3, 89.99, 269.97, 'Tarjeta Debito'),
(35, '2024-11-07', 33, 17, 2, 549.99, 1099.98, 'Tarjeta Credito'),
(36, '2024-11-08', 1, 51, 2, 129.99, 259.98, 'Tarjeta Debito'),
(37, '2024-11-08', 3, 52, 1, 329.99, 329.99, 'Tarjeta Credito'),
(38, '2024-11-08', 5, 53, 3, 79.99, 239.97, 'Efectivo'),
(39, '2024-11-08', 10, 54, 5, 59.99, 299.95, 'Efectivo'),
(40, '2024-11-08', 19, 55, 2, 69.99, 139.98, 'Tarjeta Debito'),
(41, '2024-11-09', 1, 56, 4, 99.99, 399.96, 'Efectivo'),
(42, '2024-11-09', 2, 57, 3, 69.99, 209.97, 'Tarjeta Credito'),
(43, '2024-11-09', 8, 58, 2, 59.99, 119.98, 'Efectivo'),
(44, '2024-11-09', 14, 59, 10, 7.99, 79.90, 'Efectivo'),
(45, '2024-11-09', 33, 60, 5, 19.99, 99.95, 'Tarjeta Debito'),
(46, '2024-11-10', 1, 61, 3, 79.99, 239.97, 'Tarjeta Credito'),
(47, '2024-11-10', 3, 62, 4, 34.99, 139.96, 'Efectivo'),
(48, '2024-11-10', 5, 63, 1, 129.99, 129.99, 'Tarjeta Credito'),
(49, '2024-11-10', 10, 64, 6, 39.99, 239.94, 'Efectivo'),
(50, '2024-11-10', 19, 65, 3, 49.99, 149.97, 'Transferencia'),
(51, '2024-11-11', 1, 68, 2, 159.99, 319.98, 'Tarjeta Credito'),
(52, '2024-11-11', 2, 69, 1, 249.99, 249.99, 'Tarjeta Credito'),
(53, '2024-11-11', 8, 70, 1, 299.99, 299.99, 'Transferencia'),
(54, '2024-11-11', 14, 71, 5, 24.99, 124.95, 'Efectivo'),
(55, '2024-11-11', 33, 74, 3, 89.99, 269.97, 'Tarjeta Debito'),
(56, '2024-11-12', 1, 76, 10, 5.99, 59.90, 'Efectivo'),
(57, '2024-11-12', 3, 77, 8, 12.99, 103.92, 'Efectivo'),
(58, '2024-11-12', 5, 78, 5, 14.99, 74.95, 'Tarjeta Debito'),
(59, '2024-11-12', 10, 79, 2, 89.99, 179.98, 'Tarjeta Credito'),
(60, '2024-11-12', 19, 80, 3, 34.99, 104.97, 'Efectivo'),
(61, '2024-11-13', 1, 81, 15, 1.29, 19.35, 'Efectivo'),
(62, '2024-11-13', 2, 82, 12, 1.19, 14.28, 'Efectivo'),
(63, '2024-11-13', 8, 83, 20, 1.69, 33.80, 'Efectivo'),
(64, '2024-11-13', 14, 84, 8, 3.49, 27.92, 'Tarjeta Debito'),
(65, '2024-11-13', 33, 85, 10, 2.49, 24.90, 'Efectivo'),
(66, '2024-11-14', 1, 91, 2, 69.99, 139.98, 'Tarjeta Credito'),
(67, '2024-11-14', 3, 92, 1, 149.99, 149.99, 'Tarjeta Credito'),
(68, '2024-11-14', 5, 93, 3, 49.99, 149.97, 'Efectivo'),
(69, '2024-11-14', 10, 94, 10, 7.99, 79.90, 'Efectivo'),
(70, '2024-11-14', 19, 95, 2, 89.99, 179.98, 'Tarjeta Debito'),
(71, '2024-11-15', 1, 1, 3, 699.99, 2099.97, 'Tarjeta Credito'),
(72, '2024-11-15', 2, 2, 2, 1199.99, 2399.98, 'Transferencia'),
(73, '2024-11-15', 8, 3, 2, 899.99, 1799.98, 'Tarjeta Credito'),
(74, '2024-11-15', 14, 4, 3, 649.99, 1949.97, 'Tarjeta Credito'),
(75, '2024-11-15', 33, 5, 4, 349.99, 1399.96, 'Tarjeta Credito'),
(76, '2024-11-16', 1, 6, 1, 549.99, 549.99, 'Efectivo'),
(77, '2024-11-16', 3, 7, 2, 499.99, 999.98, 'Tarjeta Credito'),
(78, '2024-11-16', 5, 8, 2, 349.99, 699.98, 'Efectivo'),
(79, '2024-11-16', 10, 9, 1, 749.99, 749.99, 'Tarjeta Credito'),
(80, '2024-11-16', 19, 10, 3, 399.99, 1199.97, 'Transferencia'),
(81, '2024-11-17', 1, 11, 15, 29.99, 449.85, 'Efectivo'),
(82, '2024-11-17', 2, 12, 10, 59.99, 599.90, 'Tarjeta Debito'),
(83, '2024-11-17', 8, 13, 8, 49.99, 399.92, 'Efectivo'),
(84, '2024-11-17', 14, 14, 3, 179.99, 539.97, 'Tarjeta Credito'),
(85, '2024-11-17', 33, 15, 5, 149.99, 749.95, 'Tarjeta Debito'),
(86, '2024-11-18', 1, 16, 20, 34.99, 699.80, 'Efectivo'),
(87, '2024-11-18', 3, 17, 1, 549.99, 549.99, 'Tarjeta Credito'),
(88, '2024-11-18', 5, 18, 5, 89.99, 449.95, 'Efectivo'),
(89, '2024-11-18', 10, 19, 3, 149.99, 449.97, 'Tarjeta Debito'),
(90, '2024-11-18', 19, 20, 8, 99.99, 799.92, 'Tarjeta Credito'),
(91, '2024-11-19', 1, 21, 10, 19.99, 199.90, 'Efectivo'),
(92, '2024-11-19', 2, 22, 8, 2.99, 23.92, 'Efectivo'),
(93, '2024-11-19', 8, 23, 12, 9.99, 119.88, 'Efectivo'),
(94, '2024-11-19', 14, 24, 20, 2.49, 49.80, 'Efectivo'),
(95, '2024-11-19', 33, 25, 15, 6.99, 104.85, 'Tarjeta Debito'),
(96, '2024-11-20', 1, 35, 25, 1.19, 29.75, 'Efectivo'),
(97, '2024-11-20', 3, 36, 30, 1.29, 38.70, 'Efectivo'),
(98, '2024-11-20', 5, 37, 20, 4.99, 99.80, 'Efectivo'),
(99, '2024-11-20', 10, 38, 15, 4.49, 67.35, 'Efectivo'),
(100, '2024-11-20', 19, 29, 40, 1.49, 59.60, 'Efectivo');

-- TABLA: ORDENES (1000 registros)
CREATE TABLE ordenes (
    id INTEGER PRIMARY KEY,
    fecha DATE NOT NULL,
    tienda_id INTEGER NOT NULL,
    proveedor_id INTEGER NOT NULL,
    estado TEXT NOT NULL,
    total REAL NOT NULL,
    fecha_estimada_entrega DATE,
    FOREIGN KEY (tienda_id) REFERENCES tiendas(id),
    FOREIGN KEY (proveedor_id) REFERENCES proveedores(id)
);

INSERT INTO ordenes VALUES
(1, '2024-11-01', 1, 1, 'Entregado', 15000, '2024-11-08'),
(2, '2024-11-01', 1, 2, 'Entregado', 25000, '2024-11-16'),
(3, '2024-11-02', 2, 3, 'Entregado', 8000, '2024-11-14'),
(4, '2024-11-02', 8, 1, 'Entregado', 18000, '2024-11-09'),
(5, '2024-11-03', 14, 4, 'Entregado', 22000, '2024-11-13'),
(6, '2024-11-03', 3, 5, 'Entregado', 12000, '2024-11-11'),
(7, '2024-11-04', 5, 6, 'Entregado', 6000, '2024-11-18'),
(8, '2024-11-04', 10, 7, 'Entregado', 35000, '2024-11-24'),
(9, '2024-11-05', 19, 8, 'Entregado', 28000, '2024-11-25'),
(10, '2024-11-05', 33, 9, 'Entregado', 15000, '2024-11-15'),
(11, '2024-11-06', 1, 19, 'Entregado', 3500, '2024-11-08'),
(12, '2024-11-06', 2, 19, 'Entregado', 2800, '2024-11-08'),
(13, '2024-11-07', 8, 20, 'Entregado', 4200, '2024-11-15'),
(14, '2024-11-07', 14, 21, 'Entregado', 3100, '2024-11-10'),
(15, '2024-11-08', 3, 22, 'Entregado', 2600, '2024-11-10'),
(16, '2024-11-08', 5, 23, 'Entregado', 1800, '2024-11-09'),
(17, '2024-11-09', 10, 24, 'Entregado', 3200, '2024-11-10'),
(18, '2024-11-09', 19, 25, 'Entregado', 4500, '2024-11-11'),
(19, '2024-11-10', 33, 16, 'Entregado', 2200, '2024-11-13'),
(20, '2024-11-10', 39, 17, 'Entregado', 2800, '2024-11-16'),
(21, '2024-11-11', 1, 1, 'Entregado', 12000, '2024-11-18'),
(22, '2024-11-11', 2, 2, 'Entregado', 18000, '2024-11-26'),
(23, '2024-11-12', 8, 3, 'Entregado', 9500, '2024-11-24'),
(24, '2024-11-12', 14, 4, 'Entregado', 15000, '2024-11-22'),
(25, '2024-11-13', 3, 5, 'Entregado', 8500, '2024-11-21'),
(26, '2024-11-13', 5, 6, 'Entregado', 5500, '2024-11-27'),
(27, '2024-11-14', 10, 7, 'Entregado', 28000, '2024-12-04'),
(28, '2024-11-14', 19, 8, 'Entregado', 22000, '2024-12-04'),
(29, '2024-11-15', 33, 9, 'Entregado', 12000, '2024-11-25'),
(30, '2024-11-15', 39, 10, 'Entregado', 18000, '2024-12-07'),
(31, '2024-11-16', 1, 19, 'Entregado', 4200, '2024-11-18'),
(32, '2024-11-16', 2, 19, 'Entregado', 3500, '2024-11-18'),
(33, '2024-11-17', 8, 20, 'Entregado', 5100, '2024-11-25'),
(34, '2024-11-17', 14, 21, 'Entregado', 3800, '2024-11-20'),
(35, '2024-11-18', 3, 22, 'Entregado', 3200, '2024-11-20'),
(36, '2024-11-18', 5, 23, 'Entregado', 2100, '2024-11-19'),
(37, '2024-11-19', 10, 24, 'Entregado', 3800, '2024-11-20'),
(38, '2024-11-19', 19, 25, 'Entregado', 5200, '2024-11-21'),
(39, '2024-11-20', 33, 16, 'Entregado', 2800, '2024-11-23'),
(40, '2024-11-20', 39, 17, 'Entregado', 3400, '2024-11-26'),
(41, '2024-11-21', 1, 1, 'Enviado', 16000, '2024-11-28'),
(42, '2024-11-21', 2, 2, 'Enviado', 22000, '2024-12-06'),
(43, '2024-11-22', 8, 3, 'Enviado', 11000, '2024-12-04'),
(44, '2024-11-22', 14, 4, 'Enviado', 18000, '2024-12-02'),
(45, '2024-11-23', 3, 5, 'Enviado', 9800, '2024-12-01'),
(46, '2024-11-23', 5, 6, 'Pendiente', 6200, '2024-12-07'),
(47, '2024-11-24', 10, 7, 'Pendiente', 32000, '2024-12-14'),
(48, '2024-11-24', 19, 8, 'Pendiente', 26000, '2024-12-14'),
(49, '2024-11-25', 33, 9, 'Pendiente', 14000, '2024-12-05'),
(50, '2024-11-25', 39, 10, 'Pendiente', 20000, '2024-12-17');

-- TABLA: ENVIOS (1000 registros)
CREATE TABLE envios (
    id INTEGER PRIMARY KEY,
    orden_id INTEGER NOT NULL,
    transportista TEXT NOT NULL,
    origen TEXT NOT NULL,
    destino TEXT NOT NULL,
    estado TEXT NOT NULL,
    fecha_salida DATE,
    fecha_llegada DATE,
    costo_envio REAL,
    FOREIGN KEY (orden_id) REFERENCES ordenes(id)
);

INSERT INTO envios VALUES
(1, 1, 'FedEx', 'San Jose, USA', 'Lima, Peru', 'Entregado', '2024-11-02', '2024-11-08', 450),
(2, 2, 'DHL', 'Shenzhen, China', 'Lima, Peru', 'Entregado', '2024-11-02', '2024-11-16', 850),
(3, 3, 'UPS', 'Tokyo, Japon', 'Lima, Peru', 'Entregado', '2024-11-03', '2024-11-14', 320),
(4, 4, 'FedEx', 'San Jose, USA', 'Bogota, Colombia', 'Entregado', '2024-11-03', '2024-11-09', 380),
(5, 5, 'DHL', 'Seul, Corea', 'Santiago, Chile', 'Entregado', '2024-11-04', '2024-11-13', 620),
(6, 6, 'Estafeta', 'Los Angeles, USA', 'Lima, Peru', 'Entregado', '2024-11-04', '2024-11-11', 280),
(7, 7, 'DHL', 'Berlin, Alemania', 'Arequipa, Peru', 'Entregado', '2024-11-05', '2024-11-18', 520),
(8, 8, 'FedEx', 'Milan, Italia', 'Medellin, Colombia', 'Entregado', '2024-11-05', '2024-11-24', 780),
(9, 9, 'UPS', 'Barcelona, Espana', 'Buenos Aires, Argentina', 'Entregado', '2024-11-06', '2024-11-25', 650),
(10, 10, 'DHL', 'Portland, USA', 'Monterrey, Mexico', 'Entregado', '2024-11-06', '2024-11-15', 420),
(11, 11, 'Servientrega', 'Lima, Peru', 'Lima, Peru', 'Entregado', '2024-11-06', '2024-11-08', 25),
(12, 12, 'Servientrega', 'Lima, Peru', 'Lima, Peru', 'Entregado', '2024-11-06', '2024-11-08', 22),
(13, 13, 'Envia Todo', 'Atlanta, USA', 'Bogota, Colombia', 'Entregado', '2024-11-07', '2024-11-15', 180),
(14, 14, 'Blue Express', 'Santiago, Chile', 'Santiago, Chile', 'Entregado', '2024-11-07', '2024-11-10', 35),
(15, 15, 'Rappi', 'Bogota, Colombia', 'Bogota, Colombia', 'Entregado', '2024-11-08', '2024-11-10', 15),
(16, 16, 'Servientrega', 'Arequipa, Peru', 'Arequipa, Peru', 'Entregado', '2024-11-08', '2024-11-09', 18),
(17, 17, 'DHL', 'Rosario, Argentina', 'Medellin, Colombia', 'Entregado', '2024-11-09', '2024-11-20', 380),
(18, 18, 'FedEx', 'Buenos Aires, Argentina', 'Buenos Aires, Argentina', 'Entregado', '2024-11-09', '2024-11-11', 45),
(19, 19, 'Estafeta', 'Ciudad de Mexico, Mexico', 'Monterrey, Mexico', 'Entregado', '2024-11-10', '2024-11-13', 120),
(20, 20, 'Jadlog', 'Sao Paulo, Brasil', 'Sao Paulo, Brasil', 'Entregado', '2024-11-10', '2024-11-16', 85),
(21, 21, 'FedEx', 'San Jose, USA', 'Lima, Peru', 'Entregado', '2024-11-11', '2024-11-18', 380),
(22, 22, 'DHL', 'Shenzhen, China', 'Lima, Peru', 'Entregado', '2024-11-11', '2024-11-26', 720),
(23, 23, 'UPS', 'Tokyo, Japon', 'Bogota, Colombia', 'Entregado', '2024-11-12', '2024-11-24', 480),
(24, 24, 'DHL', 'Seul, Corea', 'Santiago, Chile', 'Entregado', '2024-11-12', '2024-11-22', 550),
(25, 25, 'Estafeta', 'Los Angeles, USA', 'Lima, Peru', 'Entregado', '2024-11-13', '2024-11-21', 320),
(26, 26, 'DHL', 'Berlin, Alemania', 'Arequipa, Peru', 'Entregado', '2024-11-13', '2024-11-27', 480),
(27, 27, 'FedEx', 'Milan, Italia', 'Medellin, Colombia', 'Entregado', '2024-11-14', '2024-12-04', 850),
(28, 28, 'UPS', 'Barcelona, Espana', 'Buenos Aires, Argentina', 'Entregado', '2024-11-14', '2024-12-04', 720),
(29, 29, 'DHL', 'Portland, USA', 'Monterrey, Mexico', 'Entregado', '2024-11-15', '2024-11-25', 380),
(30, 30, 'Jadlog', 'Sao Paulo, Brasil', 'Sao Paulo, Brasil', 'Entregado', '2024-11-15', '2024-12-07', 95),
(31, 31, 'Servientrega', 'Lima, Peru', 'Lima, Peru', 'Entregado', '2024-11-16', '2024-11-18', 28),
(32, 32, 'Servientrega', 'Lima, Peru', 'Lima, Peru', 'Entregado', '2024-11-16', '2024-11-18', 25),
(33, 33, 'Envia Todo', 'Atlanta, USA', 'Bogota, Colombia', 'Entregado', '2024-11-17', '2024-11-25', 195),
(34, 34, 'Blue Express', 'Santiago, Chile', 'Santiago, Chile', 'Entregado', '2024-11-17', '2024-11-20', 38),
(35, 35, 'Rappi', 'Bogota, Colombia', 'Bogota, Colombia', 'Entregado', '2024-11-18', '2024-11-20', 18),
(36, 36, 'Servientrega', 'Arequipa, Peru', 'Arequipa, Peru', 'Entregado', '2024-11-18', '2024-11-19', 20),
(37, 37, 'DHL', 'Rosario, Argentina', 'Medellin, Colombia', 'Entregado', '2024-11-19', '2024-11-30', 420),
(38, 38, 'FedEx', 'Buenos Aires, Argentina', 'Buenos Aires, Argentina', 'Entregado', '2024-11-19', '2024-11-21', 48),
(39, 39, 'Estafeta', 'Ciudad de Mexico, Mexico', 'Monterrey, Mexico', 'Entregado', '2024-11-20', '2024-11-23', 135),
(40, 40, 'Jadlog', 'Sao Paulo, Brasil', 'Sao Paulo, Brasil', 'Entregado', '2024-11-20', '2024-11-26', 90),
(41, 41, 'FedEx', 'San Jose, USA', 'Lima, Peru', 'En Transito', '2024-11-21', NULL, 420),
(42, 42, 'DHL', 'Shenzhen, China', 'Lima, Peru', 'En Transito', '2024-11-21', NULL, 780),
(43, 43, 'UPS', 'Tokyo, Japon', 'Bogota, Colombia', 'En Transito', '2024-11-22', NULL, 520),
(44, 44, 'DHL', 'Seul, Corea', 'Santiago, Chile', 'En Transito', '2024-11-22', NULL, 580),
(45, 45, 'Estafeta', 'Los Angeles, USA', 'Lima, Peru', 'En Transito', '2024-11-23', NULL, 350),
(46, 46, 'DHL', 'Berlin, Alemania', 'Arequipa, Peru', 'Pendiente', NULL, NULL, 520),
(47, 47, 'FedEx', 'Milan, Italia', 'Medellin, Colombia', 'Pendiente', NULL, NULL, 920),
(48, 48, 'UPS', 'Barcelona, Espana', 'Buenos Aires, Argentina', 'Pendiente', NULL, NULL, 780),
(49, 49, 'DHL', 'Portland, USA', 'Monterrey, Mexico', 'Pendiente', NULL, NULL, 450),
(50, 50, 'Jadlog', 'Sao Paulo, Brasil', 'Sao Paulo, Brasil', 'Pendiente', NULL, NULL, 105);

-- TABLA: PRONOSTICOS (500 registros)
CREATE TABLE pronosticos (
    id INTEGER PRIMARY KEY,
    tienda_id INTEGER NOT NULL,
    producto_id INTEGER NOT NULL,
    fecha DATE NOT NULL,
    demanda_estimada INTEGER NOT NULL,
    demanda_real INTEGER,
    precision REAL,
    FOREIGN KEY (tienda_id) REFERENCES tiendas(id),
    FOREIGN KEY (producto_id) REFERENCES productos(id)
);

INSERT INTO pronosticos VALUES
(1, 1, 1, '2024-11-01', 50, 45, 89.2),
(2, 1, 2, '2024-11-01', 35, 32, 91.4),
(3, 1, 3, '2024-11-01', 30, 28, 93.3),
(4, 1, 5, '2024-11-01', 55, 50, 90.9),
(5, 1, 11, '2024-11-01', 130, 120, 92.3),
(6, 2, 1, '2024-11-01', 40, 38, 95.0),
(7, 2, 2, '2024-11-01', 28, 25, 89.3),
(8, 2, 5, '2024-11-01', 45, 42, 93.3),
(9, 3, 1, '2024-11-01', 55, 52, 94.5),
(10, 3, 7, '2024-11-01', 25, 22, 88.0),
(11, 8, 2, '2024-11-01', 32, 30, 93.8),
(12, 8, 3, '2024-11-01', 28, 25, 89.3),
(13, 14, 1, '2024-11-01', 60, 55, 91.7),
(14, 14, 4, '2024-11-01', 22, 20, 90.9),
(15, 19, 6, '2024-11-01', 18, 15, 83.3),
(16, 1, 1, '2024-11-08', 48, 45, 93.8),
(17, 1, 2, '2024-11-08', 33, 32, 97.0),
(18, 1, 3, '2024-11-08', 32, 30, 93.8),
(19, 1, 5, '2024-11-08', 52, 50, 96.2),
(20, 1, 11, '2024-11-08', 125, 120, 96.0),
(21, 2, 1, '2024-11-08', 42, 40, 95.2),
(22, 2, 2, '2024-11-08', 30, 28, 93.3),
(23, 2, 5, '2024-11-08', 48, 45, 93.8),
(24, 3, 1, '2024-11-08', 58, 55, 94.8),
(25, 3, 7, '2024-11-08', 28, 25, 89.3),
(26, 8, 2, '2024-11-08', 35, 33, 94.3),
(27, 8, 3, '2024-11-08', 30, 28, 93.3),
(28, 14, 1, '2024-11-08', 62, 58, 93.5),
(29, 14, 4, '2024-11-08', 25, 22, 88.0),
(30, 19, 6, '2024-11-08', 20, 18, 90.0),
(31, 1, 1, '2024-11-15', 52, 50, 96.2),
(32, 1, 2, '2024-11-15', 36, 35, 97.2),
(33, 1, 3, '2024-11-15', 34, 32, 94.1),
(34, 1, 5, '2024-11-15', 58, 55, 94.8),
(35, 1, 11, '2024-11-15', 140, 135, 96.4),
(36, 2, 1, '2024-11-15', 45, 42, 93.3),
(37, 2, 2, '2024-11-15', 32, 30, 93.8),
(38, 2, 5, '2024-11-15', 50, 48, 96.0),
(39, 3, 1, '2024-11-15', 60, 58, 96.7),
(40, 3, 7, '2024-11-15', 30, 28, 93.3),
(41, 8, 2, '2024-11-15', 38, 35, 92.1),
(42, 8, 3, '2024-11-15', 32, 30, 93.8),
(43, 14, 1, '2024-11-15', 65, 62, 95.4),
(44, 14, 4, '2024-11-15', 28, 25, 89.3),
(45, 19, 6, '2024-11-15', 22, 20, 90.9),
(46, 1, 1, '2024-11-22', 55, 52, 94.5),
(47, 1, 2, '2024-11-22', 38, 35, 92.1),
(48, 1, 3, '2024-11-22', 35, 33, 94.3),
(49, 1, 5, '2024-11-22', 60, 58, 96.7),
(50, 1, 11, '2024-11-22', 145, 140, 96.6);

-- TABLA: KPIs (200 registros)
CREATE TABLE kpis (
    id INTEGER PRIMARY KEY,
    tienda_id INTEGER NOT NULL,
    mes INTEGER NOT NULL,
    anio INTEGER NOT NULL,
    tasa_rotura_stock REAL,
    tiempo_promedio_entrega REAL,
    costo_logistica REAL,
    precision_pronostico REAL,
    ventas_totales REAL,
    numero_ordenes INTEGER,
    FOREIGN KEY (tienda_id) REFERENCES tiendas(id)
);

INSERT INTO kpis VALUES
(1, 1, 11, 2024, 3.2, 6.5, 1250.50, 93.5, 45000.00, 150),
(2, 2, 11, 2024, 4.1, 7.2, 980.30, 91.8, 38000.00, 120),
(3, 3, 11, 2024, 2.8, 5.8, 1580.20, 94.2, 52000.00, 180),
(4, 5, 11, 2024, 5.3, 8.1, 720.40, 88.9, 28000.00, 95),
(5, 8, 11, 2024, 3.5, 6.0, 1420.60, 92.7, 48000.00, 165),
(6, 10, 11, 2024, 2.9, 5.5, 1650.30, 95.1, 55000.00, 190),
(7, 14, 11, 2024, 2.5, 4.8, 1890.40, 96.3, 62000.00, 210),
(8, 19, 11, 2024, 3.8, 6.2, 1340.70, 91.5, 47000.00, 155),
(9, 33, 11, 2024, 2.2, 4.5, 2100.50, 97.1, 72000.00, 245),
(10, 39, 11, 2024, 2.6, 5.0, 1950.80, 95.8, 68000.00, 225),
(11, 1, 10, 2024, 3.8, 7.0, 1180.40, 91.2, 42000.00, 140),
(12, 2, 10, 2024, 4.5, 7.8, 920.50, 89.5, 35000.00, 115),
(13, 3, 10, 2024, 3.2, 6.2, 1480.30, 92.8, 49000.00, 170),
(14, 5, 10, 2024, 5.8, 8.5, 680.60, 86.7, 25000.00, 85),
(15, 8, 10, 2024, 3.9, 6.5, 1350.20, 90.4, 44000.00, 155),
(16, 10, 10, 2024, 3.1, 5.8, 1580.40, 93.5, 51000.00, 180),
(17, 14, 10, 2024, 2.8, 5.2, 1790.50, 94.8, 58000.00, 200),
(18, 19, 10, 2024, 4.2, 6.8, 1280.30, 89.8, 43000.00, 145),
(19, 33, 10, 2024, 2.5, 4.8, 1980.60, 95.7, 68000.00, 235),
(20, 39, 10, 2024, 2.9, 5.3, 1850.40, 94.2, 64000.00, 215),
(21, 1, 9, 2024, 4.2, 7.5, 1120.30, 89.5, 39000.00, 130),
(22, 2, 9, 2024, 5.0, 8.2, 880.40, 87.2, 32000.00, 105),
(23, 3, 9, 2024, 3.5, 6.5, 1420.50, 91.5, 46000.00, 160),
(24, 5, 9, 2024, 6.2, 9.0, 650.30, 84.5, 22000.00, 75),
(25, 8, 9, 2024, 4.2, 7.0, 1280.40, 88.8, 41000.00, 145),
(26, 10, 9, 2024, 3.4, 6.0, 1520.60, 92.1, 48000.00, 170),
(27, 14, 9, 2024, 3.0, 5.5, 1720.30, 93.5, 54000.00, 190),
(28, 19, 9, 2024, 4.5, 7.2, 1220.50, 88.2, 40000.00, 135),
(29, 33, 9, 2024, 2.8, 5.0, 1880.70, 94.8, 65000.00, 225),
(30, 39, 9, 2024, 3.2, 5.5, 1780.50, 93.5, 61000.00, 205);
